{
  "best_metric": 0.9582448690728945,
  "best_model_checkpoint": "vit-base-patch16-224-in21k-finetuned-lora-food101/checkpoint-22",
  "epoch": 1.9555555555555557,
  "eval_steps": 500,
  "global_step": 22,
  "is_hyper_param_search": false,
  "is_local_process_zero": true,
  "is_world_process_zero": true,
  "log_history": [
    {
      "epoch": 0.89,
      "grad_norm": 0.2328222692012787,
      "learning_rate": 0.004090909090909091,
      "loss": 0.545,
      "step": 10
    },
    {
      "epoch": 0.98,
      "eval_accuracy": 0.9341825902335457,
      "eval_loss": 0.20367833971977234,
      "eval_runtime": 192.0159,
      "eval_samples_per_second": 7.359,
      "eval_steps_per_second": 0.062,
      "step": 11
    },
    {
      "epoch": 1.78,
      "grad_norm": 0.12544076144695282,
      "learning_rate": 0.003181818181818182,
      "loss": 0.1874,
      "step": 20
    },
    {
      "epoch": 1.96,
      "eval_accuracy": 0.9582448690728945,
      "eval_loss": 0.13335081934928894,
      "eval_runtime": 126.0715,
      "eval_samples_per_second": 11.208,
      "eval_steps_per_second": 0.095,
      "step": 22
    }
  ],
  "logging_steps": 10,
  "max_steps": 55,
  "num_input_tokens_seen": 0,
  "num_train_epochs": 5,
  "save_steps": 500,
  "total_flos": 8.876405888383058e+17,
  "train_batch_size": 128,
  "trial_name": null,
  "trial_params": null
}
